time,open,high,low,close,Conversion Line,Base Line,Lagging Span,Lead 1,Lead 2,Developing Poc,Developing VA High,Developing VA Low,Volume,Volume MA,RSI,Plot,Plot.1,Oscillator,ATR,time(hour),time(minute),time(weekday)
2021-02-05 21:00:00+00:00,144.778,144.796,144.631,144.64600000000002,144.72749999999996,144.497,,143.62075,143.6015,139.99543749999998,141.852375,138.476125,2934,10044.4,59.884278491308116,0.12263250000020808,0,42.93533894353528,0.1577223671141523,21,0,4
